[
  {
    "id": "bf894dbd-86ca-4c0f-9d27-48e28a5247cd",
    "data": [
      {
        "text": "I like Double cheese pan pizza",
        "userDefined": false
      }
    ],
    "isTemplate": false,
    "count": 0,
    "lang": "en",
    "updated": 0
  },
  {
    "id": "01098f93-ead3-4d4f-84b2-44b18dcee876",
    "data": [
      {
        "text": "I like pizza can you tell me the varieties you have in pizza",
        "userDefined": false
      }
    ],
    "isTemplate": false,
    "count": 0,
    "lang": "en",
    "updated": 0
  }
]